{
  "IcoMoonType": "selection",
  "icons": [
    {
      "icon": {
        "paths": [
          "M402.746 877.254l-320-320c-24.994-24.992-24.994-65.516 0-90.51l320-320c24.994-24.992 65.516-24.992 90.51 0 24.994 24.994 24.994 65.516 0 90.51l-210.746 210.746h613.49c35.346 0 64 28.654 64 64s-28.654 64-64 64h-613.49l210.746 210.746c12.496 12.496 18.744 28.876 18.744 45.254s-6.248 32.758-18.744 45.254c-24.994 24.994-65.516 24.994-90.51 0z"
        ],
        "attrs": [
          {}
        ],
        "isMulticolor": false,
        "isMulticolor2": false,
        "tags": [
          "arrow-left",
          "left",
          "previous"
        ],
        "grid": 16
      },
      "attrs": [
        {}
      ],
      "properties": {
        "order": 48,
        "id": 23,
        "name": "left",
        "prevSize": 32,
        "code": 59648
      },
      "setIdx": 0,
      "setId": 1,
      "iconIdx": 0
    },
    {
      "icon": {
        "paths": [
          "M621.254 877.254l320-320c24.994-24.992 24.994-65.516 0-90.51l-320-320c-24.994-24.992-65.516-24.992-90.51 0-24.994 24.994-24.994 65.516 0 90.51l210.746 210.746h-613.49c-35.346 0-64 28.654-64 64s28.654 64 64 64h613.49l-210.746 210.746c-12.496 12.496-18.744 28.876-18.744 45.254s6.248 32.758 18.744 45.254c24.994 24.994 65.516 24.994 90.51 0z"
        ],
        "attrs": [
          {}
        ],
        "isMulticolor": false,
        "isMulticolor2": false,
        "tags": [
          "arrow-right",
          "right",
          "next"
        ],
        "grid": 16
      },
      "attrs": [
        {}
      ],
      "properties": {
        "order": 49,
        "id": 22,
        "name": "right",
        "prevSize": 32,
        "code": 59652
      },
      "setIdx": 0,
      "setId": 1,
      "iconIdx": 1
    },
    {
      "icon": {
        "paths": [
          "M877.254 621.254l-320 320c-24.992 24.994-65.514 24.994-90.508 0l-320-320c-24.994-24.994-24.994-65.516 0-90.51 24.994-24.996 65.516-24.996 90.51 0l210.744 210.746v-613.49c0-35.346 28.654-64 64-64s64 28.654 64 64v613.49l210.746-210.746c12.496-12.496 28.876-18.744 45.254-18.744s32.758 6.248 45.254 18.746c24.994 24.994 24.994 65.514 0 90.508z"
        ],
        "attrs": [
          {}
        ],
        "isMulticolor": false,
        "isMulticolor2": false,
        "tags": [
          "arrow-down",
          "down",
          "download",
          "bottom"
        ],
        "grid": 16
      },
      "attrs": [
        {}
      ],
      "properties": {
        "order": 50,
        "id": 24,
        "name": "down",
        "prevSize": 32,
        "code": 59656
      },
      "setIdx": 0,
      "setId": 1,
      "iconIdx": 2
    },
    {
      "icon": {
        "paths": [
          "M877.254 402.746l-320-320c-24.992-24.994-65.514-24.994-90.508 0l-320 320c-24.994 24.994-24.994 65.516 0 90.51 24.994 24.996 65.516 24.996 90.51 0l210.744-210.746v613.49c0 35.346 28.654 64 64 64s64-28.654 64-64v-613.49l210.746 210.746c12.496 12.496 28.876 18.744 45.254 18.744s32.758-6.248 45.254-18.746c24.994-24.994 24.994-65.514 0-90.508z"
        ],
        "attrs": [
          {}
        ],
        "isMulticolor": false,
        "isMulticolor2": false,
        "tags": [
          "arrow-up",
          "up",
          "upload",
          "top"
        ],
        "grid": 16
      },
      "attrs": [
        {}
      ],
      "properties": {
        "order": 51,
        "id": 25,
        "name": "up",
        "prevSize": 32,
        "code": 59657
      },
      "setIdx": 0,
      "setId": 1,
      "iconIdx": 3
    },
    {
      "icon": {
        "paths": [
          "M1232 0h-384c-26.4 0-63.274 15.274-81.942 33.942l-476.116 476.116c-18.668 18.668-18.668 49.214 0 67.882l412.118 412.118c18.668 18.668 49.214 18.668 67.882 0l476.118-476.118c18.666-18.666 33.94-55.54 33.94-81.94v-384c0-26.4-21.6-48-48-48zM992 384c-53.020 0-96-42.98-96-96s42.98-96 96-96 96 42.98 96 96-42.98 96-96 96z",
          "M128 544l544-544h-80c-26.4 0-63.274 15.274-81.942 33.942l-476.116 476.116c-18.668 18.668-18.668 49.214 0 67.882l412.118 412.118c18.668 18.668 49.214 18.668 67.882 0l30.058-30.058-416-416z"
        ],
        "attrs": [
          {},
          {}
        ],
        "width": 1280,
        "isMulticolor": false,
        "isMulticolor2": false,
        "tags": [
          "tags"
        ],
        "grid": 16
      },
      "attrs": [
        {},
        {}
      ],
      "properties": {
        "order": 52,
        "id": 1,
        "name": "tags",
        "prevSize": 32,
        "code": 59658
      },
      "setIdx": 0,
      "setId": 1,
      "iconIdx": 4
    },
    {
      "icon": {
        "paths": [
          "M768 704h-101.49l-160-160 160-160h101.49v160l224-224-224-224v160h-128c-16.974 0-33.252 6.744-45.254 18.746l-178.746 178.744-178.746-178.746c-12-12-28.28-18.744-45.254-18.744h-192v128h165.49l160 160-160 160h-165.49v128h192c16.974 0 33.252-6.742 45.254-18.746l178.746-178.744 178.746 178.744c12.002 12.004 28.28 18.746 45.254 18.746h128v160l224-224-224-224v160z"
        ],
        "attrs": [
          {}
        ],
        "isMulticolor": false,
        "isMulticolor2": false,
        "tags": [
          "shuffle",
          "random",
          "player"
        ],
        "grid": 16
      },
      "attrs": [
        {}
      ],
      "properties": {
        "order": 53,
        "id": 18,
        "name": "random",
        "prevSize": 32,
        "code": 59654
      },
      "setIdx": 0,
      "setId": 1,
      "iconIdx": 5
    },
    {
      "icon": {
        "paths": [
          "M1024 384h-384l143.53-143.53c-72.53-72.526-168.96-112.47-271.53-112.47s-199 39.944-271.53 112.47c-72.526 72.53-112.47 168.96-112.47 271.53s39.944 199 112.47 271.53c72.53 72.526 168.96 112.47 271.53 112.47s199-39.944 271.528-112.472c6.056-6.054 11.86-12.292 17.456-18.668l96.32 84.282c-93.846 107.166-231.664 174.858-385.304 174.858-282.77 0-512-229.23-512-512s229.23-512 512-512c141.386 0 269.368 57.326 362.016 149.984l149.984-149.984v384z"
        ],
        "attrs": [
          {}
        ],
        "isMulticolor": false,
        "isMulticolor2": false,
        "tags": [
          "spinner",
          "loading",
          "loading-wheel",
          "refresh",
          "repeat",
          "busy",
          "wait",
          "arrow"
        ],
        "grid": 16
      },
      "attrs": [
        {}
      ],
      "properties": {
        "order": 54,
        "id": 9,
        "name": "refresh",
        "prevSize": 32,
        "code": 59655
      },
      "setIdx": 0,
      "setId": 1,
      "iconIdx": 6
    },
    {
      "icon": {
        "paths": [
          "M864 0c88.364 0 160 71.634 160 160 0 36.020-11.91 69.258-32 96l-64 64-224-224 64-64c26.742-20.090 59.978-32 96-32zM64 736l-64 288 288-64 592-592-224-224-592 592zM715.578 363.578l-448 448-55.156-55.156 448-448 55.156 55.156z"
        ],
        "attrs": [
          {}
        ],
        "isMulticolor": false,
        "isMulticolor2": false,
        "tags": [
          "pencil",
          "write",
          "edit"
        ],
        "grid": 16
      },
      "attrs": [
        {}
      ],
      "properties": {
        "order": 55,
        "id": 19,
        "name": "edit",
        "prevSize": 32,
        "code": 59651
      },
      "setIdx": 0,
      "setId": 1,
      "iconIdx": 7
    },
    {
      "icon": {
        "paths": [
          "M192 1024h640l64-704h-768zM640 128v-128h-256v128h-320v192l64-64h768l64 64v-192h-320zM576 128h-128v-64h128v64z"
        ],
        "attrs": [
          {}
        ],
        "isMulticolor": false,
        "isMulticolor2": false,
        "tags": [
          "bin",
          "trashcan",
          "remove",
          "delete",
          "recycle",
          "dispose"
        ],
        "grid": 16
      },
      "attrs": [
        {}
      ],
      "properties": {
        "order": 56,
        "id": 20,
        "name": "delete",
        "prevSize": 32,
        "code": 59663
      },
      "setIdx": 0,
      "setId": 1,
      "iconIdx": 8
    },
    {
      "icon": {
        "paths": [
          "M1014.662 822.66c-0.004-0.004-0.008-0.008-0.012-0.010l-310.644-310.65 310.644-310.65c0.004-0.004 0.008-0.006 0.012-0.010 3.344-3.346 5.762-7.254 7.312-11.416 4.246-11.376 1.824-24.682-7.324-33.83l-146.746-146.746c-9.148-9.146-22.45-11.566-33.828-7.32-4.16 1.55-8.070 3.968-11.418 7.31 0 0.004-0.004 0.006-0.008 0.010l-310.648 310.652-310.648-310.65c-0.004-0.004-0.006-0.006-0.010-0.010-3.346-3.342-7.254-5.76-11.414-7.31-11.38-4.248-24.682-1.826-33.83 7.32l-146.748 146.748c-9.148 9.148-11.568 22.452-7.322 33.828 1.552 4.16 3.97 8.072 7.312 11.416 0.004 0.002 0.006 0.006 0.010 0.010l310.65 310.648-310.65 310.652c-0.002 0.004-0.006 0.006-0.008 0.010-3.342 3.346-5.76 7.254-7.314 11.414-4.248 11.376-1.826 24.682 7.322 33.83l146.748 146.746c9.15 9.148 22.452 11.568 33.83 7.322 4.16-1.552 8.070-3.97 11.416-7.312 0.002-0.004 0.006-0.006 0.010-0.010l310.648-310.65 310.648 310.65c0.004 0.002 0.008 0.006 0.012 0.008 3.348 3.344 7.254 5.762 11.414 7.314 11.378 4.246 24.684 1.826 33.828-7.322l146.746-146.748c9.148-9.148 11.57-22.454 7.324-33.83-1.552-4.16-3.97-8.068-7.314-11.414z"
        ],
        "attrs": [
          {}
        ],
        "isMulticolor": false,
        "isMulticolor2": false,
        "tags": [
          "cross",
          "cancel",
          "close",
          "quit",
          "remove"
        ],
        "grid": 16
      },
      "attrs": [
        {}
      ],
      "properties": {
        "order": 57,
        "id": 21,
        "name": "close",
        "prevSize": 32,
        "code": 59662
      },
      "setIdx": 0,
      "setId": 1,
      "iconIdx": 9
    },
    {
      "icon": {
        "paths": [
          "M1024 512c-1.278-66.862-15.784-133.516-42.576-194.462-26.704-61-65.462-116.258-113.042-161.92-47.552-45.696-103.944-81.82-164.984-105.652-61.004-23.924-126.596-35.352-191.398-33.966-64.81 1.282-129.332 15.374-188.334 41.356-59.048 25.896-112.542 63.47-156.734 109.576-44.224 46.082-79.16 100.708-102.186 159.798-23.114 59.062-34.128 122.52-32.746 185.27 1.286 62.76 14.964 125.148 40.134 182.206 25.088 57.1 61.476 108.828 106.11 151.548 44.61 42.754 97.472 76.504 154.614 98.72 57.118 22.304 118.446 32.902 179.142 31.526 60.708-1.29 120.962-14.554 176.076-38.914 55.15-24.282 105.116-59.48 146.366-102.644 41.282-43.14 73.844-94.236 95.254-149.43 13.034-33.458 21.88-68.4 26.542-103.798 1.246 0.072 2.498 0.12 3.762 0.12 35.346 0 64-28.652 64-64 0-1.796-0.094-3.572-0.238-5.332h0.238zM922.306 681.948c-23.472 53.202-57.484 101.4-99.178 141.18-41.67 39.81-91 71.186-144.244 91.79-53.228 20.678-110.29 30.452-166.884 29.082-56.604-1.298-112.596-13.736-163.82-36.474-51.25-22.666-97.684-55.49-135.994-95.712-38.338-40.198-68.528-87.764-88.322-139.058-19.87-51.284-29.228-106.214-27.864-160.756 1.302-54.552 13.328-108.412 35.254-157.69 21.858-49.3 53.498-93.97 92.246-130.81 38.73-36.868 84.53-65.87 133.874-84.856 49.338-19.060 102.136-28.006 154.626-26.644 52.5 1.306 104.228 12.918 151.562 34.034 47.352 21.050 90.256 51.502 125.624 88.782 35.396 37.258 63.21 81.294 81.39 128.688 18.248 47.392 26.782 98.058 25.424 148.496h0.238c-0.144 1.76-0.238 3.536-0.238 5.332 0 33.012 24.992 60.174 57.086 63.624-6.224 34.822-16.53 68.818-30.78 100.992z"
        ],
        "attrs": [
          {}
        ],
        "isMulticolor": false,
        "isMulticolor2": false,
        "tags": [
          "spinner",
          "loading",
          "loading-wheel",
          "busy",
          "wait"
        ],
        "grid": 16
      },
      "attrs": [
        {}
      ],
      "properties": {
        "order": 58,
        "id": 6,
        "name": "loader",
        "prevSize": 32,
        "code": 59653
      },
      "setIdx": 0,
      "setId": 1,
      "iconIdx": 10
    },
    {
      "icon": {
        "paths": [
          "M409.6 614.4h204.8v-307.2h153.6l-256-256-256 256h153.6v307.2zM990.106 692.838c-10.752-11.469-82.483-88.218-102.963-108.237-13.568-13.261-32.973-21.402-53.35-21.402h-89.958l156.877 153.293h-181.453c-5.222 0-9.933 2.662-12.288 6.81l-41.779 95.898h-306.381l-41.779-95.898c-2.355-4.147-7.117-6.81-12.288-6.81h-181.453l156.826-153.293h-89.907c-20.326 0-39.731 8.141-53.35 21.402-20.48 20.070-92.211 96.819-102.963 108.237-25.037 26.675-38.81 47.923-32.256 74.189l28.723 157.389c6.554 26.317 35.379 47.923 64.102 47.923h835.174c28.723 0 57.549-21.606 64.102-47.923l28.723-157.389c6.451-26.266-7.27-47.514-32.358-74.189z"
        ],
        "attrs": [
          {}
        ],
        "isMulticolor": false,
        "isMulticolor2": false,
        "tags": [
          "upload"
        ],
        "grid": 20
      },
      "attrs": [
        {}
      ],
      "properties": {
        "order": 59,
        "id": 12,
        "name": "upload",
        "prevSize": 20,
        "code": 59649
      },
      "setIdx": 0,
      "setId": 1,
      "iconIdx": 11
    },
    {
      "icon": {
        "paths": [
          "M768 358.4h-153.6v-307.2h-204.8v307.2h-153.6l256 256 256-256zM990.106 692.838c-10.752-11.469-82.483-88.218-102.963-108.237-13.568-13.261-32.973-21.402-53.35-21.402h-89.958l156.877 153.293h-181.453c-5.222 0-9.933 2.662-12.288 6.81l-41.779 95.898h-306.381l-41.779-95.898c-2.355-4.147-7.117-6.81-12.288-6.81h-181.453l156.826-153.293h-89.907c-20.326 0-39.731 8.141-53.35 21.402-20.48 20.070-92.211 96.819-102.963 108.237-25.037 26.675-38.81 47.923-32.256 74.189l28.723 157.389c6.554 26.317 35.379 47.923 64.102 47.923h835.174c28.723 0 57.549-21.606 64.102-47.923l28.723-157.389c6.451-26.266-7.27-47.514-32.358-74.189z"
        ],
        "attrs": [
          {}
        ],
        "isMulticolor": false,
        "isMulticolor2": false,
        "tags": [
          "download"
        ],
        "grid": 20
      },
      "attrs": [
        {}
      ],
      "properties": {
        "order": 60,
        "id": 13,
        "name": "download",
        "prevSize": 20,
        "code": 59650
      },
      "setIdx": 0,
      "setId": 1,
      "iconIdx": 12
    }
  ],
  "height": 1024,
  "metadata": {
    "name": "piccolo-icons"
  },
  "preferences": {
    "showGlyphs": true,
    "showCodes": true,
    "showQuickUse": true,
    "showQuickUse2": true,
    "showSVGs": true,
    "fontPref": {
      "prefix": "icon-",
      "metadata": {
        "fontFamily": "piccolo-icons",
        "majorVersion": 1,
        "minorVersion": 0
      },
      "metrics": {
        "emSize": 1024,
        "baseline": 6.25,
        "whitespace": 50
      },
      "embed": false,
      "noie8": true,
      "ie7": false,
      "showSelector": false,
      "showMetrics": false,
      "showMetadata": false,
      "showVersion": false
    },
    "imagePref": {
      "prefix": "icon-",
      "png": true,
      "useClassSelector": true,
      "color": 0,
      "bgColor": 16777215,
      "classSelector": ".icon",
      "height": 32,
      "columns": 16,
      "margin": 16
    },
    "historySize": 100,
    "gridSize": 16
  }
}